column,non-null,missing_pct,min,p01,p50,p99,max,mean
business_age_months,5507,42.74277396548139,0.0,0.0,3.0,11.0,11.0,3.636281096785909
business_age_years,9366,2.6200873362445414,0.0,0.0,4.0,37.0,60.0,7.030535981208627
business_expenses,9389,2.380952380952381,0.0,40.0,3000.0,8019200.0000001285,500000000.0,458383.84492491215
business_turnover,9402,2.245789145352464,0.0,97.0,6000.0,24994999.999999892,420000000.0,1348209.7165496703
personal_income,9509,1.1332917446454565,0.0,20.0,2000.0,3129200.000000001,150000000.0,262734.47373540857
owner_age,9618,0.0,18.0,20.0,40.0,76.0,103.0,41.70534414639218
